feature,coefficient,direction,abs_coefficient
alarmists,-7.881081997674392,negative,7.881081997674392
leader donnie,-7.224464604306095,negative,7.224464604306095
orange monster,-7.101178899666498,negative,7.101178899666498
prochoicers,-5.215027365997494,negative,5.215027365997494
ms mcenany,5.009863553668286,positive,5.009863553668286
agw,-4.9637263545850825,negative,4.9637263545850825
power establishment,-4.795704029857073,negative,4.795704029857073
gt paywall,-4.585580499262269,negative,4.585580499262269
alarmist,-4.506904457981253,negative,4.506904457981253
ipcc,-4.290808683365318,negative,4.290808683365318
novavax,4.281777079352027,positive,4.281777079352027
anti vax,4.262373293343555,positive,4.262373293343555
leatherface,4.243654086977824,positive,4.243654086977824
climate,-4.210896489665496,negative,4.210896489665496
cooling,-4.184517956026722,negative,4.184517956026722
sunspot,-4.169831871999602,negative,4.169831871999602
catie,4.160886911282365,positive,4.160886911282365
github new,4.1273653838382875,positive,4.1273653838382875
mann,-3.9969116510250338,negative,3.9969116510250338
fox tv,-3.9858736327135316,negative,3.9858736327135316
ppm,-3.977503728244955,negative,3.977503728244955
alarmism,-3.948393063215005,negative,3.948393063215005
corrupt incompetence,-3.9139387776189256,negative,3.9139387776189256
feminist,-3.880768395803347,negative,3.880768395803347
link trouble,3.7972021654055905,positive,3.7972021654055905
foreign investors,-3.6798133151234027,negative,3.6798133151234027
twiv,3.6532050817199533,positive,3.6532050817199533
misandry,-3.6286302088774054,negative,3.6286302088774054
warming,-3.60629940412304,negative,3.60629940412304
pharma,-3.5806199627210247,negative,3.5806199627210247
nationalist platform,-3.5438980166696794,negative,3.5438980166696794
pro vaxxers,-3.540493739018297,negative,3.540493739018297
ice age,-3.5042602048678044,negative,3.5042602048678044
abt,-3.4899374768631803,negative,3.4899374768631803
yip,-3.4144393289421,negative,3.4144393289421
github,3.363135830882747,positive,3.363135830882747
greta,-3.3548646956191512,negative,3.3548646956191512
yam,-3.3361950240703515,negative,3.3361950240703515
ungated,-3.3235611430778724,negative,3.3235611430778724
accessing article,3.319859618096269,positive,3.319859618096269
action opportunity,-3.2802378907533627,negative,3.2802378907533627
sunspots,-3.240578411872402,negative,3.240578411872402
remarks president,3.229911859031018,positive,3.229911859031018
gt,-3.2021406781126602,negative,3.2021406781126602
doses,3.180971917396395,positive,3.180971917396395
fnck,3.1807285854659364,positive,3.1807285854659364
self removed,3.179577617039806,positive,3.179577617039806
warmers,-3.1778264182511897,negative,3.1778264182511897
traitor united,-3.1670900699345506,negative,3.1670900699345506
nazicrats,-3.1589639680053327,negative,3.1589639680053327
trouble accessing,3.1417933440476764,positive,3.1417933440476764
anti vaxxers,3.1280272842584074,positive,3.1280272842584074
feminists,-3.1227955960933462,negative,3.1227955960933462
nazicrat,-3.0855836979350983,negative,3.0855836979350983
probs,-3.0835960048150435,negative,3.0835960048150435
people guns,-3.075318853957654,negative,3.075318853957654
delingpole,-3.054302530519919,negative,3.054302530519919
aluminum,-3.05239398644185,negative,3.05239398644185
message moderators,3.0496740254828727,positive,3.0496740254828727
prolife,-3.0386689377858236,negative,3.0386689377858236
bc,3.03578504726872,positive,3.03578504726872
feminism,-3.0277493964305218,negative,3.0277493964305218
false rape,-3.011406237552968,negative,3.011406237552968
archive,-3.009189011182577,negative,3.009189011182577
open market,-2.998749636089456,negative,2.998749636089456
day average,2.9443322900262983,positive,2.9443322900262983
autism,-2.9368341490050893,negative,2.9368341490050893
peeps,-2.9282822605698433,negative,2.9282822605698433
mistake message,2.9091574603750767,positive,2.9091574603750767
archive link,2.9040403776789354,positive,2.9040403776789354
vax,-2.901576283104563,negative,2.901576283104563
post self,2.881276484343458,positive,2.881276484343458
forced birthers,2.8190716545764967,positive,2.8190716545764967
believe mistake,2.7264439155546194,positive,2.7264439155546194
dem establishment,2.6579626158239176,positive,2.6579626158239176
forced birth,2.6428265163711218,positive,2.6428265163711218
moderators message,2.524021696501633,positive,2.524021696501633
orange turd,2.521443773364486,positive,2.521443773364486
ppl,2.476512648439977,positive,2.476512648439977
message compose,2.4759272641343517,positive,2.4759272641343517
additional questions,2.4424630345241964,positive,2.4424630345241964
mhra,2.4324678032660203,positive,2.4324678032660203
thst,2.415250537490938,positive,2.415250537490938
pharmacies,2.3370159291790533,positive,2.3370159291790533
live updates,2.321229964620426,positive,2.321229964620426
reinfection,2.3156004319696537,positive,2.3156004319696537
pro lockdown,2.313659400968431,positive,2.313659400968431
community spread,2.306767453145985,positive,2.306767453145985
information believe,2.305474473077256,positive,2.305474473077256
variant,2.30088390255922,positive,2.30088390255922
yanks,2.280411278760385,positive,2.280411278760385
seven day,2.156436848228179,positive,2.156436848228179
moderna,2.152249259155397,positive,2.152249259155397
compose,2.129800637857468,positive,2.129800637857468
mutation,2.128683801251171,positive,2.128683801251171
war drugs,2.1201588824594135,positive,2.1201588824594135
mr spicer,2.115446413697814,positive,2.115446413697814
second doses,2.054168016406423,positive,2.054168016406423
self defence,2.0474701009913,positive,2.0474701009913
forced birther,2.0422322555316805,positive,2.0422322555316805
